main_keyword,base_search_keyword,temp_search_keyword,nv_mid
털실내화,라봉홈 거실화,라봉홈 털실내화 실내슬리퍼 거실화 코듀로이 실내화 니트 패브릭 방한 겨울 거실,83522529851
고양이 스크래쳐,펫토벤 고양이,펫토벤 고양이 웨이브 스크래쳐,87639059313
고구마,친환경팔도 고구마,해남 강미자 꿀 고구마 3kg/5kg 베니하루카 호박고구마,9904837131
바나나,로깅 바나나,바나나 고당도 바나나 정발 낱발,89154789325
감자,국내산 우리감자,국내산 햇감자 특 2kg 부터 포슬포슬 우리감자 국민간식 땅속의사과,85883663786
도어스토퍼,스토퍼 좌우구분,BENTUS 상부 도어스토퍼 BS-303A 41x33 철문 문틀 스토퍼 좌우구분 충격방지,88350926782
워터탭,360도 워터탭,이온폴리스 아기비데수전 360도 회전수도꼭지 신생아 양치 수전 세면대워터탭 염소 녹물제거,85601548748
강아지영양제,200 이루다펫,젠토닐 어드밴스 200 강아지 고양이간영양제,80405950459
오방난로,카본 미니 오방,전열기구 카본 미니 전기 오방 난로 저전력 히터,88762773097
강아지유산균,L26 펫쏠,"펫솔루션 강아지 유산균 L26 영양제 30포, 1개",88405340148